"county","state"
"Clay County","AL"
"Marengo County","AL"
"DeKalb County","AL"
"Cherokee County","AL"
"Hale County","AL"
"Perry County","AL"
"Colbert County","AL"
"Greene County","AL"
"Butler County","AL"
"Lee County","AL"
"Mobile County","AL"
"Fayette County","AL"
"Chambers County","AL"
"Tuscaloosa County","AL"
"Wilcox County","AL"
"Marshall County","AL"
"Escambia County","AL"
"Limestone County","AL"
"Blount County","AL"
"Monroe County","AL"
"Marion County","AL"
"Lowndes County","AL"
"Coosa County","AL"
"Pike County","AL"
"Sumter County","AL"
"Winston County","AL"
"Talladega County","AL"
"Jackson County","AL"
"Baldwin County","AL"
"Bullock County","AL"
"Autauga County","AL"
"Macon County","AL"
"St. Clair County","AL"
"Choctaw County","AL"
"Cullman County","AL"
"Shelby County","AL"
"Dallas County","AL"
"Pickens County","AL"
"Lauderdale County","AL"
"Cleburne County","AL"
"Barbour County","AL"
"Geneva County","AL"
"Dale County","AL"
"Tallapoosa County","AL"
"Clarke County","AL"
"Houston County","AL"
"Washington County","AL"
"Madison County","AL"
"Crenshaw County","AL"
"Calhoun County","AL"
"Lawrence County","AL"
"Morgan County","AL"
"Lamar County","AL"
"Russell County","AL"
"Franklin County","AL"
"Conecuh County","AL"
"Elmore County","AL"
"Jefferson County","AL"
"Walker County","AL"
"Randolph County","AL"
"Montgomery County","AL"
"Bibb County","AL"
"Etowah County","AL"
"Chilton County","AL"
"Coffee County","AL"
"Covington County","AL"
"Henry County","AL"
"Yuma County","AZ"
"Pinal County","AZ"
"Navajo County","AZ"
"Greenlee County","AZ"
"Maricopa County","AZ"
"Pima County","AZ"
"Cochise County","AZ"
"Coconino County","AZ"
"Gila County","AZ"
"Graham County","AZ"
"Mohave County","AZ"
"Yavapai County","AZ"
"La Paz County","AZ"
"Santa Cruz County","AZ"
"Apache County","AZ"
"Stone County","AR"
"Polk County","AR"
"Independence County","AR"
"Lonoke County","AR"
"Clark County","AR"
"Fulton County","AR"
"Logan County","AR"
"Miller County","AR"
"Arkansas County","AR"
"Carroll County","AR"
"Van Buren County","AR"
"Johnson County","AR"
"Searcy County","AR"
"Garland County","AR"
"Sevier County","AR"
"Jefferson County","AR"
"Lincoln County","AR"
"Randolph County","AR"
"Izard County","AR"
"Scott County","AR"
"Perry County","AR"
"Craighead County","AR"
"Cleburne County","AR"
"Hot Spring County","AR"
"Columbia County","AR"
"Ouachita County","AR"
"Yell County","AR"
"Monroe County","AR"
"Mississippi County","AR"
"Washington County","AR"
"Newton County","AR"
"Calhoun County","AR"
"Cross County","AR"
"Phillips County","AR"
"Franklin County","AR"
"Crawford County","AR"
"Jackson County","AR"
"Clay County","AR"
"Faulkner County","AR"
"Baxter County","AR"
"Little River County","AR"
"Boone County","AR"
"Ashley County","AR"
"Desha County","AR"
"St. Francis County","AR"
"Montgomery County","AR"
"Sharp County","AR"
"Greene County","AR"
"Woodruff County","AR"
"White County","AR"
"Lee County","AR"
"Conway County","AR"
"Howard County","AR"
"Nevada County","AR"
"Pulaski County","AR"
"Grant County","AR"
"Benton County","AR"
"Madison County","AR"
"Dallas County","AR"
"Cleveland County","AR"
"Crittenden County","AR"
"Lafayette County","AR"
"Saline County","AR"
"Chicot County","AR"
"Pope County","AR"
"Marion County","AR"
"Prairie County","AR"
"Bradley County","AR"
"Drew County","AR"
"Pike County","AR"
"Union County","AR"
"Sebastian County","AR"
"Lawrence County","AR"
"Poinsett County","AR"
"Hempstead County","AR"
"Sierra County","CA"
"Sacramento County","CA"
"Santa Barbara County","CA"
"Calaveras County","CA"
"Ventura County","CA"
"Los Angeles County","CA"
"Sonoma County","CA"
"Kings County","CA"
"San Diego County","CA"
"Placer County","CA"
"San Francisco County","CA"
"Marin County","CA"
"Mariposa County","CA"
"Lassen County","CA"
"Napa County","CA"
"Shasta County","CA"
"Monterey County","CA"
"Trinity County","CA"
"Mendocino County","CA"
"Inyo County","CA"
"Mono County","CA"
"Tuolumne County","CA"
"Solano County","CA"
"San Bernardino County","CA"
"Contra Costa County","CA"
"Alpine County","CA"
"El Dorado County","CA"
"Yolo County","CA"
"Yuba County","CA"
"San Benito County","CA"
"Humboldt County","CA"
"Riverside County","CA"
"Kern County","CA"
"Colusa County","CA"
"Del Norte County","CA"
"Modoc County","CA"
"Fresno County","CA"
"Madera County","CA"
"Santa Clara County","CA"
"Tehama County","CA"
"San Joaquin County","CA"
"Alameda County","CA"
"Nevada County","CA"
"Butte County","CA"
"Merced County","CA"
"Tulare County","CA"
"Stanislaus County","CA"
"Orange County","CA"
"Imperial County","CA"
"Sutter County","CA"
"Amador County","CA"
"Lake County","CA"
"Plumas County","CA"
"San Mateo County","CA"
"Siskiyou County","CA"
"Santa Cruz County","CA"
"Glenn County","CA"
"San Luis Obispo County","CA"
"Saguache County","CO"
"Sedgwick County","CO"
"Cheyenne County","CO"
"Custer County","CO"
"La Plata County","CO"
"San Juan County","CO"
"Pitkin County","CO"
"Park County","CO"
"Alamosa County","CO"
"Prowers County","CO"
"Moffat County","CO"
"Jefferson County","CO"
"Summit County","CO"
"Pueblo County","CO"
"Boulder County","CO"
"Denver County","CO"
"Montrose County","CO"
"Eagle County","CO"
"San Miguel County","CO"
"Costilla County","CO"
"Broomfield County","CO"
"Chaffee County","CO"
"Crowley County","CO"
"Fremont County","CO"
"Huerfano County","CO"
"Delta County","CO"
"Garfield County","CO"
"Rio Blanco County","CO"
"Morgan County","CO"
"Lincoln County","CO"
"Montezuma County","CO"
"Adams County","CO"
"Mineral County","CO"
"Otero County","CO"
"Phillips County","CO"
"Ouray County","CO"
"Bent County","CO"
"Archuleta County","CO"
"Routt County","CO"
"Hinsdale County","CO"
"Weld County","CO"
"Larimer County","CO"
"Lake County","CO"
"Rio Grande County","CO"
"Gilpin County","CO"
"Yuma County","CO"
"Jackson County","CO"
"Kit Carson County","CO"
"Clear Creek County","CO"
"Logan County","CO"
"Washington County","CO"
"Douglas County","CO"
"Conejos County","CO"
"El Paso County","CO"
"Kiowa County","CO"
"Teller County","CO"
"Gunnison County","CO"
"Baca County","CO"
"Elbert County","CO"
"Mesa County","CO"
"Dolores County","CO"
"Arapahoe County","CO"
"Las Animas County","CO"
"Grand County","CO"
"Middlesex County","CT"
"New London County","CT"
"New Haven County","CT"
"Tolland County","CT"
"Hartford County","CT"
"Windham County","CT"
"Fairfield County","CT"
"Litchfield County","CT"
"New Castle County","DE"
"Sussex County","DE"
"Kent County","DE"
"Hernando County","FL"
"Wakulla County","FL"
"Walton County","FL"
"Volusia County","FL"
"Hendry County","FL"
"Orange County","FL"
"Broward County","FL"
"Palm Beach County","FL"
"Gilchrist County","FL"
"Miami-Dade County","FL"
"Highlands County","FL"
"Citrus County","FL"
"Okeechobee County","FL"
"St. Johns County","FL"
"DeSoto County","FL"
"Glades County","FL"
"Manatee County","FL"
"Calhoun County","FL"
"Lake County","FL"
"Pinellas County","FL"
"Franklin County","FL"
"Pasco County","FL"
"Sumter County","FL"
"Seminole County","FL"
"Bradford County","FL"
"Duval County","FL"
"Martin County","FL"
"Dixie County","FL"
"Escambia County","FL"
"Monroe County","FL"
"Flagler County","FL"
"Lee County","FL"
"Bay County","FL"
"Putnam County","FL"
"Jefferson County","FL"
"Lafayette County","FL"
"Hamilton County","FL"
"Levy County","FL"
"Polk County","FL"
"St. Lucie County","FL"
"Okaloosa County","FL"
"Columbia County","FL"
"Holmes County","FL"
"Collier County","FL"
"Baker County","FL"
"Sarasota County","FL"
"Suwannee County","FL"
"Taylor County","FL"
"Union County","FL"
"Clay County","FL"
"Madison County","FL"
"Osceola County","FL"
"Marion County","FL"
"Jackson County","FL"
"Alachua County","FL"
"Hardee County","FL"
"Nassau County","FL"
"Washington County","FL"
"Santa Rosa County","FL"
"Brevard County","FL"
"Liberty County","FL"
"Indian River County","FL"
"Gadsden County","FL"
"Gulf County","FL"
"Leon County","FL"
"Hillsborough County","FL"
"Charlotte County","FL"
"McDuffie County","GA"
"Brantley County","GA"
"Lamar County","GA"
"Floyd County","GA"
"Terrell County","GA"
"Clayton County","GA"
"Columbia County","GA"
"Macon County","GA"
"Charlton County","GA"
"Polk County","GA"
"DeKalb County","GA"
"Pickens County","GA"
"Franklin County","GA"
"Taliaferro County","GA"
"Carroll County","GA"
"Cook County","GA"
"Toombs County","GA"
"Lincoln County","GA"
"Harris County","GA"
"Screven County","GA"
"Walton County","GA"
"Gordon County","GA"
"Hart County","GA"
"Upson County","GA"
"Barrow County","GA"
"Long County","GA"
"Paulding County","GA"
"Crawford County","GA"
"Union County","GA"
"Habersham County","GA"
"Wilkinson County","GA"
"Meriwether County","GA"
"Chattahoochee County","GA"
"Berrien County","GA"
"Fayette County","GA"
"Hancock County","GA"
"Tift County","GA"
"Haralson County","GA"
"Clay County","GA"
"Bartow County","GA"
"Hall County","GA"
"Treutlen County","GA"
"Calhoun County","GA"
"Early County","GA"
"Candler County","GA"
"Muscogee County","GA"
"Crisp County","GA"
"Sumter County","GA"
"Clarke County","GA"
"Coweta County","GA"
"Bleckley County","GA"
"Burke County","GA"
"Marion County","GA"
"Jasper County","GA"
"Henry County","GA"
"Atkinson County","GA"
"Talbot County","GA"
"Dawson County","GA"
"Johnson County","GA"
"Washington County","GA"
"Dodge County","GA"
"Camden County","GA"
"Peach County","GA"
"White County","GA"
"Jefferson County","GA"
"Twiggs County","GA"
"Dougherty County","GA"
"Catoosa County","GA"
"Douglas County","GA"
"Morgan County","GA"
"Bulloch County","GA"
"Wheeler County","GA"
"Evans County","GA"
"Webster County","GA"
"Jones County","GA"
"Gwinnett County","GA"
"Worth County","GA"
"Pierce County","GA"
"Pike County","GA"
"Stewart County","GA"
"Troup County","GA"
"Stephens County","GA"
"Emanuel County","GA"
"Colquitt County","GA"
"Richmond County","GA"
"Banks County","GA"
"Wayne County","GA"
"Echols County","GA"
"Liberty County","GA"
"Rockdale County","GA"
"Elbert County","GA"
"Wilcox County","GA"
"Towns County","GA"
"Dooly County","GA"
"Pulaski County","GA"
"Coffee County","GA"
"Ware County","GA"
"Appling County","GA"
"Fulton County","GA"
"Schley County","GA"
"Bryan County","GA"
"Clinch County","GA"
"Lowndes County","GA"
"Turner County","GA"
"Randolph County","GA"
"Jeff Davis County","GA"
"Murray County","GA"
"Ben Hill County","GA"
"Lanier County","GA"
"Quitman County","GA"
"Oglethorpe County","GA"
"Irwin County","GA"
"Taylor County","GA"
"Montgomery County","GA"
"Greene County","GA"
"Warren County","GA"
"Jenkins County","GA"
"Heard County","GA"
"Walker County","GA"
"Chatham County","GA"
"Rabun County","GA"
"Oconee County","GA"
"Brooks County","GA"
"Telfair County","GA"
"Miller County","GA"
"Laurens County","GA"
"Effingham County","GA"
"Madison County","GA"
"Cobb County","GA"
"Seminole County","GA"
"Putnam County","GA"
"Baker County","GA"
"Thomas County","GA"
"Cherokee County","GA"
"Chattooga County","GA"
"Decatur County","GA"
"Mitchell County","GA"
"Newton County","GA"
"Grady County","GA"
"Bibb County","GA"
"Bacon County","GA"
"Jackson County","GA"
"Tattnall County","GA"
"Wilkes County","GA"
"Glascock County","GA"
"Whitfield County","GA"
"Spalding County","GA"
"Butts County","GA"
"Lumpkin County","GA"
"Dade County","GA"
"Houston County","GA"
"McIntosh County","GA"
"Monroe County","GA"
"Forsyth County","GA"
"Glynn County","GA"
"Baldwin County","GA"
"Fannin County","GA"
"Lee County","GA"
"Gilmer County","GA"
"Jefferson County","ID"
"Kootenai County","ID"
"Gem County","ID"
"Franklin County","ID"
"Madison County","ID"
"Clark County","ID"
"Jerome County","ID"
"Custer County","ID"
"Bonneville County","ID"
"Idaho County","ID"
"Teton County","ID"
"Power County","ID"
"Blaine County","ID"
"Elmore County","ID"
"Benewah County","ID"
"Nez Perce County","ID"
"Butte County","ID"
"Adams County","ID"
"Valley County","ID"
"Minidoka County","ID"
"Bonner County","ID"
"Bingham County","ID"
"Lemhi County","ID"
"Ada County","ID"
"Cassia County","ID"
"Oneida County","ID"
"Clearwater County","ID"
"Boise County","ID"
"Payette County","ID"
"Shoshone County","ID"
"Fremont County","ID"
"Lewis County","ID"
"Bannock County","ID"
"Twin Falls County","ID"
"Owyhee County","ID"
"Washington County","ID"
"Latah County","ID"
"Gooding County","ID"
"Caribou County","ID"
"Boundary County","ID"
"Bear Lake County","ID"
"Lincoln County","ID"
"Camas County","ID"
"Canyon County","ID"
"Hancock County","IL"
"Clay County","IL"
"Wabash County","IL"
"McLean County","IL"
"Bond County","IL"
"Brown County","IL"
"Jersey County","IL"
"Piatt County","IL"
"Pope County","IL"
"Bureau County","IL"
"Coles County","IL"
"Mercer County","IL"
"Effingham County","IL"
"Cumberland County","IL"
"Crawford County","IL"
"Fulton County","IL"
"Montgomery County","IL"
"Macon County","IL"
"Franklin County","IL"
"Clark County","IL"
"Rock Island County","IL"
"Kendall County","IL"
"Cook County","IL"
"Gallatin County","IL"
"Lee County","IL"
"DeKalb County","IL"
"Stark County","IL"
"Adams County","IL"
"Iroquois County","IL"
"Ford County","IL"
"Douglas County","IL"
"St. Clair County","IL"
"Washington County","IL"
"Scott County","IL"
"Richland County","IL"
"Menard County","IL"
"Hamilton County","IL"
"White County","IL"
"De Witt County","IL"
"Putnam County","IL"
"Schuyler County","IL"
"Stephenson County","IL"
"Union County","IL"
"Kankakee County","IL"
"Clinton County","IL"
"Jo Daviess County","IL"
"Williamson County","IL"
"Mason County","IL"
"Livingston County","IL"
"Wayne County","IL"
"Kane County","IL"
"Hardin County","IL"
"Grundy County","IL"
"McDonough County","IL"
"Massac County","IL"
"Henry County","IL"
"Greene County","IL"
"Randolph County","IL"
"Pike County","IL"
"Woodford County","IL"
"Perry County","IL"
"Johnson County","IL"
"Shelby County","IL"
"Fayette County","IL"
"Winnebago County","IL"
"Ogle County","IL"
"Moultrie County","IL"
"Cass County","IL"
"Sangamon County","IL"
"Tazewell County","IL"
"LaSalle County","IL"
"Vermilion County","IL"
"Boone County","IL"
"Morgan County","IL"
"Marshall County","IL"
"Jasper County","IL"
"Calhoun County","IL"
"Marion County","IL"
"Warren County","IL"
"Will County","IL"
"Pulaski County","IL"
"Madison County","IL"
"Monroe County","IL"
"Alexander County","IL"
"DuPage County","IL"
"Saline County","IL"
"Lake County","IL"
"Macoupin County","IL"
"Whiteside County","IL"
"Logan County","IL"
"Jefferson County","IL"
"Lawrence County","IL"
"Peoria County","IL"
"Champaign County","IL"
"Edgar County","IL"
"Christian County","IL"
"Knox County","IL"
"McHenry County","IL"
"Carroll County","IL"
"Edwards County","IL"
"Henderson County","IL"
"Jackson County","IL"
"Jasper County","IN"
"Steuben County","IN"
"Ohio County","IN"
"Perry County","IN"
"Benton County","IN"
"Huntington County","IN"
"Wabash County","IN"
"Allen County","IN"
"Marshall County","IN"
"Orange County","IN"
"Newton County","IN"
"Warrick County","IN"
"Wells County","IN"
"Warren County","IN"
"Lake County","IN"
"Tippecanoe County","IN"
"LaPorte County","IN"
"Hamilton County","IN"
"Posey County","IN"
"Decatur County","IN"
"Dubois County","IN"
"Scott County","IN"
"Ripley County","IN"
"Union County","IN"
"Franklin County","IN"
"Bartholomew County","IN"
"Cass County","IN"
"Carroll County","IN"
"Montgomery County","IN"
"Gibson County","IN"
"Vermillion County","IN"
"Henry County","IN"
"Fulton County","IN"
"Porter County","IN"
"Greene County","IN"
"Rush County","IN"
"Vanderburgh County","IN"
"Johnson County","IN"
"Owen County","IN"
"Clinton County","IN"
"Hancock County","IN"
"Randolph County","IN"
"Jefferson County","IN"
"Vigo County","IN"
"Elkhart County","IN"
"Floyd County","IN"
"LaGrange County","IN"
"Harrison County","IN"
"Knox County","IN"
"Pulaski County","IN"
"Brown County","IN"
"Clark County","IN"
"Morgan County","IN"
"Grant County","IN"
"St. Joseph County","IN"
"Starke County","IN"
"Fountain County","IN"
"Tipton County","IN"
"Crawford County","IN"
"Switzerland County","IN"
"Delaware County","IN"
"Spencer County","IN"
"Kosciusko County","IN"
"Boone County","IN"
"Jay County","IN"
"Sullivan County","IN"
"White County","IN"
"Noble County","IN"
"Clay County","IN"
"Jennings County","IN"
"Daviess County","IN"
"DeKalb County","IN"
"Howard County","IN"
"Pike County","IN"
"Dearborn County","IN"
"Jackson County","IN"
"Martin County","IN"
"Wayne County","IN"
"Shelby County","IN"
"Monroe County","IN"
"Miami County","IN"
"Madison County","IN"
"Putnam County","IN"
"Marion County","IN"
"Parke County","IN"
"Whitley County","IN"
"Fayette County","IN"
"Adams County","IN"
"Washington County","IN"
"Blackford County","IN"
"Hendricks County","IN"
"Lawrence County","IN"
"Decatur County","IA"
"Cedar County","IA"
"Carroll County","IA"
"Pocahontas County","IA"
"Kossuth County","IA"
"Harrison County","IA"
"Webster County","IA"
"Jefferson County","IA"
"Madison County","IA"
"Howard County","IA"
"Palo Alto County","IA"
"Ringgold County","IA"
"Clinton County","IA"
"Calhoun County","IA"
"Worth County","IA"
"Black Hawk County","IA"
"Clarke County","IA"
"Fayette County","IA"
"Warren County","IA"
"Adair County","IA"
"Chickasaw County","IA"
"Hancock County","IA"
"Dubuque County","IA"
"Poweshiek County","IA"
"Shelby County","IA"
"Benton County","IA"
"Wayne County","IA"
"Jackson County","IA"
"Linn County","IA"
"Dickinson County","IA"
"Clayton County","IA"
"Buena Vista County","IA"
"Mills County","IA"
"Dallas County","IA"
"Marion County","IA"
"Mahaska County","IA"
"Appanoose County","IA"
"Van Buren County","IA"
"Johnson County","IA"
"Wright County","IA"
"Montgomery County","IA"
"Union County","IA"
"Keokuk County","IA"
"Story County","IA"
"Mitchell County","IA"
"Grundy County","IA"
"Winneshiek County","IA"
"Polk County","IA"
"Sac County","IA"
"Marshall County","IA"
"Delaware County","IA"
"Davis County","IA"
"Floyd County","IA"
"Audubon County","IA"
"Jones County","IA"
"Hardin County","IA"
"Boone County","IA"
"Jasper County","IA"
"Plymouth County","IA"
"Pottawattamie County","IA"
"Taylor County","IA"
"Page County","IA"
"Cherokee County","IA"
"Des Moines County","IA"
"Scott County","IA"
"Lee County","IA"
"Fremont County","IA"
"Iowa County","IA"
"Butler County","IA"
"Emmet County","IA"
"Woodbury County","IA"
"Clay County","IA"
"Crawford County","IA"
"Buchanan County","IA"
"Osceola County","IA"
"Cerro Gordo County","IA"
"Greene County","IA"
"Wapello County","IA"
"Henry County","IA"
"Lyon County","IA"
"Adams County","IA"
"Monona County","IA"
"Humboldt County","IA"
"Louisa County","IA"
"Tama County","IA"
"Monroe County","IA"
"Muscatine County","IA"
"Lucas County","IA"
"Hamilton County","IA"
"Franklin County","IA"
"Bremer County","IA"
"O'Brien County","IA"
"Guthrie County","IA"
"Washington County","IA"
"Sioux County","IA"
"Allamakee County","IA"
"Winnebago County","IA"
"Ida County","IA"
"Cass County","IA"
"Greenwood County","KS"
"Doniphan County","KS"
"Republic County","KS"
"Decatur County","KS"
"Phillips County","KS"
"Lyon County","KS"
"Hamilton County","KS"
"Wallace County","KS"
"Riley County","KS"
"Ellis County","KS"
"Pratt County","KS"
"Lane County","KS"
"Trego County","KS"
"Greeley County","KS"
"McPherson County","KS"
"Cowley County","KS"
"Osage County","KS"
"Marion County","KS"
"Rush County","KS"
"Stanton County","KS"
"Franklin County","KS"
"Pottawatomie County","KS"
"Sherman County","KS"
"Allen County","KS"
"Labette County","KS"
"Johnson County","KS"
"Cherokee County","KS"
"Cheyenne County","KS"
"Atchison County","KS"
"Cloud County","KS"
"Geary County","KS"
"Russell County","KS"
"Barton County","KS"
"Shawnee County","KS"
"Butler County","KS"
"Jewell County","KS"
"Mitchell County","KS"
"Scott County","KS"
"Stevens County","KS"
"Douglas County","KS"
"Comanche County","KS"
"Pawnee County","KS"
"Wyandotte County","KS"
"Graham County","KS"
"Morton County","KS"
"Sumner County","KS"
"Miami County","KS"
"Gove County","KS"
"Ford County","KS"
"Neosho County","KS"
"Linn County","KS"
"Brown County","KS"
"Bourbon County","KS"
"Clay County","KS"
"Lincoln County","KS"
"Smith County","KS"
"Morris County","KS"
"Barber County","KS"
"Logan County","KS"
"Chase County","KS"
"Crawford County","KS"
"Woodson County","KS"
"Jefferson County","KS"
"Rawlins County","KS"
"Thomas County","KS"
"Ottawa County","KS"
"Rice County","KS"
"Ness County","KS"
"Wilson County","KS"
"Osborne County","KS"
"Clark County","KS"
"Haskell County","KS"
"Saline County","KS"
"Kingman County","KS"
"Stafford County","KS"
"Dickinson County","KS"
"Finney County","KS"
"Montgomery County","KS"
"Edwards County","KS"
"Harvey County","KS"
"Sheridan County","KS"
"Kiowa County","KS"
"Harper County","KS"
"Washington County","KS"
"Elk County","KS"
"Seward County","KS"
"Nemaha County","KS"
"Norton County","KS"
"Coffey County","KS"
"Kearny County","KS"
"Ellsworth County","KS"
"Hodgeman County","KS"
"Meade County","KS"
"Anderson County","KS"
"Marshall County","KS"
"Wichita County","KS"
"Grant County","KS"
"Leavenworth County","KS"
"Chautauqua County","KS"
"Rooks County","KS"
"Reno County","KS"
"Gray County","KS"
"Wabaunsee County","KS"
"Sedgwick County","KS"
"Jackson County","KS"
"Clinton County","KY"
"Allen County","KY"
"Wayne County","KY"
"Scott County","KY"
"Edmonson County","KY"
"Adair County","KY"
"Gallatin County","KY"
"Harrison County","KY"
"Bourbon County","KY"
"Perry County","KY"
"Crittenden County","KY"
"Knott County","KY"
"Lawrence County","KY"
"Morgan County","KY"
"Muhlenberg County","KY"
"Green County","KY"
"Wolfe County","KY"
"Robertson County","KY"
"Lee County","KY"
"Kenton County","KY"
"Madison County","KY"
"Martin County","KY"
"Owsley County","KY"
"Clay County","KY"
"Harlan County","KY"
"Elliott County","KY"
"Fayette County","KY"
"Hancock County","KY"
"Daviess County","KY"
"Powell County","KY"
"Graves County","KY"
"Jessamine County","KY"
"Monroe County","KY"
"Grant County","KY"
"Taylor County","KY"
"Greenup County","KY"
"Henderson County","KY"
"Logan County","KY"
"Butler County","KY"
"Floyd County","KY"
"Boyle County","KY"
"Estill County","KY"
"Bullitt County","KY"
"Boone County","KY"
"Washington County","KY"
"Carlisle County","KY"
"Whitley County","KY"
"Ohio County","KY"
"Mason County","KY"
"Bracken County","KY"
"Carter County","KY"
"Hopkins County","KY"
"Bell County","KY"
"Pike County","KY"
"Breathitt County","KY"
"Warren County","KY"
"Hickman County","KY"
"McCracken County","KY"
"Union County","KY"
"Leslie County","KY"
"Lyon County","KY"
"Knox County","KY"
"Calloway County","KY"
"Jackson County","KY"
"Ballard County","KY"
"Henry County","KY"
"Mercer County","KY"
"Lewis County","KY"
"Trigg County","KY"
"Marshall County","KY"
"Hart County","KY"
"Lincoln County","KY"
"Pulaski County","KY"
"Campbell County","KY"
"Cumberland County","KY"
"Laurel County","KY"
"Grayson County","KY"
"Magoffin County","KY"
"Montgomery County","KY"
"Larue County","KY"
"Livingston County","KY"
"Shelby County","KY"
"Todd County","KY"
"Breckinridge County","KY"
"Simpson County","KY"
"Rowan County","KY"
"Carroll County","KY"
"Jefferson County","KY"
"Fulton County","KY"
"Hardin County","KY"
"Christian County","KY"
"Anderson County","KY"
"Oldham County","KY"
"Rockcastle County","KY"
"Trimble County","KY"
"Barren County","KY"
"McCreary County","KY"
"Pendleton County","KY"
"Spencer County","KY"
"Letcher County","KY"
"Clark County","KY"
"Woodford County","KY"
"McLean County","KY"
"Franklin County","KY"
"Menifee County","KY"
"Marion County","KY"
"Fleming County","KY"
"Caldwell County","KY"
"Garrard County","KY"
"Casey County","KY"
"Metcalfe County","KY"
"Russell County","KY"
"Meade County","KY"
"Nelson County","KY"
"Owen County","KY"
"Bath County","KY"
"Nicholas County","KY"
"Boyd County","KY"
"Johnson County","KY"
"Webster County","KY"
"Calcasieu Parish","LA"
"Union Parish","LA"
"Tangipahoa Parish","LA"
"Caldwell Parish","LA"
"Tensas Parish","LA"
"Jackson Parish","LA"
"Grant Parish","LA"
"Lincoln Parish","LA"
"Jefferson Davis Parish","LA"
"Lafayette Parish","LA"
"Vermilion Parish","LA"
"East Carroll Parish","LA"
"East Feliciana Parish","LA"
"St. Bernard Parish","LA"
"Iberville Parish","LA"
"Richland Parish","LA"
"St. Martin Parish","LA"
"Claiborne Parish","LA"
"Evangeline Parish","LA"
"St. Landry Parish","LA"
"Pointe Coupee Parish","LA"
"LaSalle Parish","LA"
"Webster Parish","LA"
"St. James Parish","LA"
"Plaquemines Parish","LA"
"Morehouse Parish","LA"
"Rapides Parish","LA"
"Avoyelles Parish","LA"
"Winn Parish","LA"
"Vernon Parish","LA"
"Catahoula Parish","LA"
"Assumption Parish","LA"
"De Soto Parish","LA"
"Caddo Parish","LA"
"Red River Parish","LA"
"Washington Parish","LA"
"Sabine Parish","LA"
"Jefferson Parish","LA"
"St. Tammany Parish","LA"
"Cameron Parish","LA"
"East Baton Rouge Parish","LA"
"Iberia Parish","LA"
"Natchitoches Parish","LA"
"Terrebonne Parish","LA"
"Bienville Parish","LA"
"Bossier Parish","LA"
"Allen Parish","LA"
"Ouachita Parish","LA"
"St. John the Baptist Parish","LA"
"St. Helena Parish","LA"
"West Feliciana Parish","LA"
"St. Mary Parish","LA"
"Lafourche Parish","LA"
"West Carroll Parish","LA"
"Concordia Parish","LA"
"Livingston Parish","LA"
"West Baton Rouge Parish","LA"
"Madison Parish","LA"
"Orleans Parish","LA"
"Ascension Parish","LA"
"Acadia Parish","LA"
"St. Charles Parish","LA"
"Beauregard Parish","LA"
"Franklin Parish","LA"
"Androscoggin County","ME"
"Sagadahoc County","ME"
"Washington County","ME"
"Waldo County","ME"
"York County","ME"
"Penobscot County","ME"
"Kennebec County","ME"
"Oxford County","ME"
"Piscataquis County","ME"
"Lincoln County","ME"
"Cumberland County","ME"
"Hancock County","ME"
"Knox County","ME"
"Franklin County","ME"
"Aroostook County","ME"
"Somerset County","ME"
"Worcester County","MD"
"Allegany County","MD"
"Baltimore city","MD"
"Cecil County","MD"
"Baltimore County","MD"
"Carroll County","MD"
"Calvert County","MD"
"Dorchester County","MD"
"Anne Arundel County","MD"
"Frederick County","MD"
"Prince George's County","MD"
"Howard County","MD"
"Garrett County","MD"
"Montgomery County","MD"
"Queen Anne's County","MD"
"Talbot County","MD"
"Wicomico County","MD"
"Somerset County","MD"
"Harford County","MD"
"St. Mary's County","MD"
"Kent County","MD"
"Charles County","MD"
"Washington County","MD"
"Caroline County","MD"
"Hampshire County","MA"
"Suffolk County","MA"
"Barnstable County","MA"
"Worcester County","MA"
"Nantucket County","MA"
"Dukes County","MA"
"Hampden County","MA"
"Berkshire County","MA"
"Bristol County","MA"
"Middlesex County","MA"
"Essex County","MA"
"Norfolk County","MA"
"Plymouth County","MA"
"Franklin County","MA"
"Menominee County","MI"
"Alpena County","MI"
"Clare County","MI"
"Marquette County","MI"
"Leelanau County","MI"
"Schoolcraft County","MI"
"Alger County","MI"
"Newaygo County","MI"
"Sanilac County","MI"
"Wayne County","MI"
"Van Buren County","MI"
"Chippewa County","MI"
"Clinton County","MI"
"St. Joseph County","MI"
"Iron County","MI"
"Ontonagon County","MI"
"Baraga County","MI"
"Alcona County","MI"
"Lake County","MI"
"Ottawa County","MI"
"Barry County","MI"
"Antrim County","MI"
"Jackson County","MI"
"Roscommon County","MI"
"Luce County","MI"
"Gogebic County","MI"
"Berrien County","MI"
"Montmorency County","MI"
"Oscoda County","MI"
"Ogemaw County","MI"
"Ingham County","MI"
"Lapeer County","MI"
"Kalkaska County","MI"
"Mason County","MI"
"Shiawassee County","MI"
"St. Clair County","MI"
"Livingston County","MI"
"Tuscola County","MI"
"Oceana County","MI"
"Washtenaw County","MI"
"Hillsdale County","MI"
"Benzie County","MI"
"Gratiot County","MI"
"Wexford County","MI"
"Genesee County","MI"
"Presque Isle County","MI"
"Calhoun County","MI"
"Otsego County","MI"
"Mecosta County","MI"
"Huron County","MI"
"Iosco County","MI"
"Ionia County","MI"
"Kent County","MI"
"Macomb County","MI"
"Dickinson County","MI"
"Montcalm County","MI"
"Saginaw County","MI"
"Bay County","MI"
"Arenac County","MI"
"Emmet County","MI"
"Cheboygan County","MI"
"Gladwin County","MI"
"Monroe County","MI"
"Kalamazoo County","MI"
"Grand Traverse County","MI"
"Crawford County","MI"
"Mackinac County","MI"
"Midland County","MI"
"Eaton County","MI"
"Cass County","MI"
"Manistee County","MI"
"Missaukee County","MI"
"Oakland County","MI"
"Osceola County","MI"
"Branch County","MI"
"Allegan County","MI"
"Keweenaw County","MI"
"Houghton County","MI"
"Charlevoix County","MI"
"Muskegon County","MI"
"Delta County","MI"
"Isabella County","MI"
"Lenawee County","MI"
"Mille Lacs County","MN"
"Fillmore County","MN"
"Lac qui Parle County","MN"
"McLeod County","MN"
"Todd County","MN"
"Nobles County","MN"
"Aitkin County","MN"
"Hubbard County","MN"
"Jackson County","MN"
"Dodge County","MN"
"Freeborn County","MN"
"Pope County","MN"
"Sibley County","MN"
"Olmsted County","MN"
"Kandiyohi County","MN"
"Rock County","MN"
"Waseca County","MN"
"Cottonwood County","MN"
"Koochiching County","MN"
"Watonwan County","MN"
"Wright County","MN"
"Clay County","MN"
"Scott County","MN"
"Becker County","MN"
"Norman County","MN"
"Chisago County","MN"
"Marshall County","MN"
"Winona County","MN"
"Beltrami County","MN"
"Lyon County","MN"
"Goodhue County","MN"
"Itasca County","MN"
"Meeker County","MN"
"Kanabec County","MN"
"Lake of the Woods County","MN"
"Lincoln County","MN"
"Otter Tail County","MN"
"Cass County","MN"
"Dakota County","MN"
"Lake County","MN"
"Anoka County","MN"
"Mower County","MN"
"Murray County","MN"
"Ramsey County","MN"
"Wilkin County","MN"
"Isanti County","MN"
"Benton County","MN"
"Wadena County","MN"
"Pennington County","MN"
"Wabasha County","MN"
"Washington County","MN"
"Crow Wing County","MN"
"Traverse County","MN"
"Yellow Medicine County","MN"
"Rice County","MN"
"Stearns County","MN"
"Sherburne County","MN"
"Le Sueur County","MN"
"St. Louis County","MN"
"Cook County","MN"
"Grant County","MN"
"Chippewa County","MN"
"Faribault County","MN"
"Carlton County","MN"
"Pine County","MN"
"Stevens County","MN"
"Kittson County","MN"
"Martin County","MN"
"Morrison County","MN"
"Pipestone County","MN"
"Renville County","MN"
"Mahnomen County","MN"
"Hennepin County","MN"
"Brown County","MN"
"Nicollet County","MN"
"Douglas County","MN"
"Swift County","MN"
"Steele County","MN"
"Red Lake County","MN"
"Clearwater County","MN"
"Big Stone County","MN"
"Blue Earth County","MN"
"Polk County","MN"
"Redwood County","MN"
"Houston County","MN"
"Carver County","MN"
"Roseau County","MN"
"Jasper County","MS"
"Chickasaw County","MS"
"Union County","MS"
"Kemper County","MS"
"Washington County","MS"
"Issaquena County","MS"
"Benton County","MS"
"Lowndes County","MS"
"Lamar County","MS"
"Alcorn County","MS"
"Lafayette County","MS"
"Carroll County","MS"
"Lincoln County","MS"
"Tunica County","MS"
"Montgomery County","MS"
"Choctaw County","MS"
"Tippah County","MS"
"Pearl River County","MS"
"Perry County","MS"
"Bolivar County","MS"
"Warren County","MS"
"Newton County","MS"
"Tallahatchie County","MS"
"Sharkey County","MS"
"Forrest County","MS"
"Yalobusha County","MS"
"Clarke County","MS"
"Simpson County","MS"
"Stone County","MS"
"Rankin County","MS"
"Marion County","MS"
"George County","MS"
"Monroe County","MS"
"Scott County","MS"
"Holmes County","MS"
"Oktibbeha County","MS"
"Covington County","MS"
"Pontotoc County","MS"
"Yazoo County","MS"
"Tate County","MS"
"Lawrence County","MS"
"Attala County","MS"
"Prentiss County","MS"
"Pike County","MS"
"Copiah County","MS"
"Calhoun County","MS"
"Greene County","MS"
"Amite County","MS"
"Hancock County","MS"
"Smith County","MS"
"Claiborne County","MS"
"Wayne County","MS"
"Winston County","MS"
"Humphreys County","MS"
"Noxubee County","MS"
"Leflore County","MS"
"Coahoma County","MS"
"Harrison County","MS"
"Jackson County","MS"
"Panola County","MS"
"Marshall County","MS"
"Grenada County","MS"
"Tishomingo County","MS"
"Quitman County","MS"
"Wilkinson County","MS"
"Leake County","MS"
"Clay County","MS"
"Franklin County","MS"
"Neshoba County","MS"
"Lee County","MS"
"Sunflower County","MS"
"Jefferson County","MS"
"Adams County","MS"
"Itawamba County","MS"
"Hinds County","MS"
"DeSoto County","MS"
"Jones County","MS"
"Lauderdale County","MS"
"Walthall County","MS"
"Jefferson Davis County","MS"
"Webster County","MS"
"Madison County","MS"
"Henry County","MO"
"Barton County","MO"
"Knox County","MO"
"Livingston County","MO"
"Johnson County","MO"
"Madison County","MO"
"Maries County","MO"
"Lawrence County","MO"
"Reynolds County","MO"
"Newton County","MO"
"Christian County","MO"
"McDonald County","MO"
"Atchison County","MO"
"Boone County","MO"
"Harrison County","MO"
"Cass County","MO"
"Douglas County","MO"
"Webster County","MO"
"Iron County","MO"
"Grundy County","MO"
"Pike County","MO"
"Scott County","MO"
"Stone County","MO"
"Howard County","MO"
"Washington County","MO"
"Miller County","MO"
"Platte County","MO"
"Buchanan County","MO"
"Cole County","MO"
"Ralls County","MO"
"Andrew County","MO"
"Montgomery County","MO"
"Ozark County","MO"
"Marion County","MO"
"Ray County","MO"
"Butler County","MO"
"Laclede County","MO"
"Saline County","MO"
"Franklin County","MO"
"Chariton County","MO"
"Wayne County","MO"
"Cedar County","MO"
"Bollinger County","MO"
"Randolph County","MO"
"Jasper County","MO"
"Oregon County","MO"
"Dallas County","MO"
"Osage County","MO"
"Gasconade County","MO"
"St. Charles County","MO"
"Holt County","MO"
"Crawford County","MO"
"Lafayette County","MO"
"Ste. Genevieve County","MO"
"Clark County","MO"
"Worth County","MO"
"Phelps County","MO"
"Hickory County","MO"
"Barry County","MO"
"Polk County","MO"
"Caldwell County","MO"
"Lewis County","MO"
"Ripley County","MO"
"Warren County","MO"
"Jackson County","MO"
"Stoddard County","MO"
"Pulaski County","MO"
"Gentry County","MO"
"Adair County","MO"
"St. Louis County","MO"
"Wright County","MO"
"Audrain County","MO"
"Cooper County","MO"
"Clay County","MO"
"Sullivan County","MO"
"Nodaway County","MO"
"Taney County","MO"
"Linn County","MO"
"Moniteau County","MO"
"Callaway County","MO"
"Jefferson County","MO"
"Lincoln County","MO"
"Texas County","MO"
"Morgan County","MO"
"Greene County","MO"
"Carter County","MO"
"Cape Girardeau County","MO"
"Mississippi County","MO"
"Schuyler County","MO"
"Howell County","MO"
"Macon County","MO"
"Daviess County","MO"
"Shelby County","MO"
"Shannon County","MO"
"Perry County","MO"
"Dade County","MO"
"Scotland County","MO"
"Putnam County","MO"
"St. Francois County","MO"
"Clinton County","MO"
"Carroll County","MO"
"Vernon County","MO"
"Benton County","MO"
"Dent County","MO"
"St. Clair County","MO"
"Mercer County","MO"
"Pettis County","MO"
"DeKalb County","MO"
"Dunklin County","MO"
"Monroe County","MO"
"Pemiscot County","MO"
"St. Louis city","MO"
"Bates County","MO"
"New Madrid County","MO"
"Camden County","MO"
"Musselshell County","MT"
"Chouteau County","MT"
"Meagher County","MT"
"Rosebud County","MT"
"Sweet Grass County","MT"
"Lewis and Clark County","MT"
"Pondera County","MT"
"Garfield County","MT"
"Carter County","MT"
"Gallatin County","MT"
"Liberty County","MT"
"Silver Bow County","MT"
"Cascade County","MT"
"Flathead County","MT"
"Fergus County","MT"
"Broadwater County","MT"
"Big Horn County","MT"
"Sanders County","MT"
"Lincoln County","MT"
"Granite County","MT"
"Custer County","MT"
"Richland County","MT"
"Wibaux County","MT"
"Golden Valley County","MT"
"Carbon County","MT"
"Toole County","MT"
"Blaine County","MT"
"Judith Basin County","MT"
"Powell County","MT"
"Park County","MT"
"Roosevelt County","MT"
"Fallon County","MT"
"McCone County","MT"
"Stillwater County","MT"
"Teton County","MT"
"Dawson County","MT"
"Powder River County","MT"
"Glacier County","MT"
"Lake County","MT"
"Hill County","MT"
"Treasure County","MT"
"Mineral County","MT"
"Yellowstone County","MT"
"Jefferson County","MT"
"Deer Lodge County","MT"
"Wheatland County","MT"
"Ravalli County","MT"
"Valley County","MT"
"Petroleum County","MT"
"Phillips County","MT"
"Missoula County","MT"
"Sheridan County","MT"
"Daniels County","MT"
"Prairie County","MT"
"Madison County","MT"
"Beaverhead County","MT"
"Cuming County","NE"
"Lancaster County","NE"
"Nuckolls County","NE"
"Keith County","NE"
"Phelps County","NE"
"Webster County","NE"
"Dakota County","NE"
"Boyd County","NE"
"Thomas County","NE"
"Holt County","NE"
"Brown County","NE"
"Keya Paha County","NE"
"Banner County","NE"
"Greeley County","NE"
"Jefferson County","NE"
"Saline County","NE"
"Dundy County","NE"
"Scotts Bluff County","NE"
"Adams County","NE"
"Otoe County","NE"
"Kearney County","NE"
"Hitchcock County","NE"
"Kimball County","NE"
"Nemaha County","NE"
"Custer County","NE"
"Cass County","NE"
"Polk County","NE"
"Dawes County","NE"
"Wayne County","NE"
"Garfield County","NE"
"Douglas County","NE"
"Pierce County","NE"
"Platte County","NE"
"Box Butte County","NE"
"Thurston County","NE"
"Boone County","NE"
"Madison County","NE"
"McPherson County","NE"
"Red Willow County","NE"
"Rock County","NE"
"Gosper County","NE"
"Gage County","NE"
"Dawson County","NE"
"Arthur County","NE"
"Hayes County","NE"
"Johnson County","NE"
"Antelope County","NE"
"Sioux County","NE"
"Lincoln County","NE"
"Sherman County","NE"
"Logan County","NE"
"Merrick County","NE"
"Sheridan County","NE"
"Pawnee County","NE"
"Sarpy County","NE"
"Grant County","NE"
"Burt County","NE"
"Saunders County","NE"
"Blaine County","NE"
"Dixon County","NE"
"Stanton County","NE"
"Wheeler County","NE"
"Franklin County","NE"
"Dodge County","NE"
"Chase County","NE"
"Buffalo County","NE"
"Fillmore County","NE"
"York County","NE"
"Seward County","NE"
"Clay County","NE"
"Cheyenne County","NE"
"Garden County","NE"
"Harlan County","NE"
"Washington County","NE"
"Hooker County","NE"
"Richardson County","NE"
"Furnas County","NE"
"Howard County","NE"
"Valley County","NE"
"Cedar County","NE"
"Thayer County","NE"
"Deuel County","NE"
"Morrill County","NE"
"Hall County","NE"
"Hamilton County","NE"
"Loup County","NE"
"Frontier County","NE"
"Nance County","NE"
"Knox County","NE"
"Perkins County","NE"
"Colfax County","NE"
"Butler County","NE"
"Cherry County","NE"
"Churchill County","NV"
"Humboldt County","NV"
"Clark County","NV"
"Mineral County","NV"
"Nye County","NV"
"Douglas County","NV"
"White Pine County","NV"
"Carson City","NV"
"Eureka County","NV"
"Elko County","NV"
"Lyon County","NV"
"Lander County","NV"
"Washoe County","NV"
"Storey County","NV"
"Lincoln County","NV"
"Pershing County","NV"
"Esmeralda County","NV"
"Grafton County","NH"
"Sullivan County","NH"
"Cheshire County","NH"
"Coos County","NH"
"Merrimack County","NH"
"Carroll County","NH"
"Rockingham County","NH"
"Hillsborough County","NH"
"Strafford County","NH"
"Belknap County","NH"
"Sussex County","NJ"
"Camden County","NJ"
"Union County","NJ"
"Cape May County","NJ"
"Burlington County","NJ"
"Middlesex County","NJ"
"Hudson County","NJ"
"Monmouth County","NJ"
"Somerset County","NJ"
"Ocean County","NJ"
"Gloucester County","NJ"
"Cumberland County","NJ"
"Morris County","NJ"
"Essex County","NJ"
"Bergen County","NJ"
"Warren County","NJ"
"Passaic County","NJ"
"Salem County","NJ"
"Hunterdon County","NJ"
"Atlantic County","NJ"
"Mercer County","NJ"
"De Baca County","NM"
"Otero County","NM"
"Catron County","NM"
"Union County","NM"
"San Miguel County","NM"
"Taos County","NM"
"Grant County","NM"
"Colfax County","NM"
"Sandoval County","NM"
"Cibola County","NM"
"Doña Ana County","NM"
"Harding County","NM"
"Hidalgo County","NM"
"Socorro County","NM"
"Los Alamos County","NM"
"Mora County","NM"
"Eddy County","NM"
"Curry County","NM"
"Roosevelt County","NM"
"San Juan County","NM"
"Lincoln County","NM"
"Guadalupe County","NM"
"Torrance County","NM"
"Luna County","NM"
"McKinley County","NM"
"Rio Arriba County","NM"
"Lea County","NM"
"Chaves County","NM"
"Santa Fe County","NM"
"Quay County","NM"
"Bernalillo County","NM"
"Sierra County","NM"
"Valencia County","NM"
"Steuben County","NY"
"Saratoga County","NY"
"Allegany County","NY"
"Oswego County","NY"
"Ulster County","NY"
"St. Lawrence County","NY"
"Schuyler County","NY"
"Essex County","NY"
"Suffolk County","NY"
"Hamilton County","NY"
"Dutchess County","NY"
"Otsego County","NY"
"Tompkins County","NY"
"Albany County","NY"
"Cayuga County","NY"
"Greene County","NY"
"Herkimer County","NY"
"Warren County","NY"
"Jefferson County","NY"
"Clinton County","NY"
"Nassau County","NY"
"Madison County","NY"
"Washington County","NY"
"Westchester County","NY"
"Lewis County","NY"
"Ontario County","NY"
"Cortland County","NY"
"Richmond County","NY"
"Erie County","NY"
"Putnam County","NY"
"Montgomery County","NY"
"Sullivan County","NY"
"Orleans County","NY"
"Oneida County","NY"
"Cattaraugus County","NY"
"Yates County","NY"
"Tioga County","NY"
"Monroe County","NY"
"Schoharie County","NY"
"Broome County","NY"
"Rensselaer County","NY"
"Seneca County","NY"
"Queens County","NY"
"Genesee County","NY"
"Wayne County","NY"
"Niagara County","NY"
"Kings County","NY"
"Chemung County","NY"
"Wyoming County","NY"
"New York County","NY"
"Columbia County","NY"
"Chautauqua County","NY"
"Franklin County","NY"
"Onondaga County","NY"
"Chenango County","NY"
"Fulton County","NY"
"Rockland County","NY"
"Livingston County","NY"
"Delaware County","NY"
"Orange County","NY"
"Schenectady County","NY"
"Bronx County","NY"
"Chatham County","NC"
"Alamance County","NC"
"Davidson County","NC"
"Franklin County","NC"
"Robeson County","NC"
"Lincoln County","NC"
"Caldwell County","NC"
"Durham County","NC"
"Person County","NC"
"Madison County","NC"
"Randolph County","NC"
"Northampton County","NC"
"Beaufort County","NC"
"Rowan County","NC"
"Cumberland County","NC"
"Richmond County","NC"
"Hoke County","NC"
"Cabarrus County","NC"
"Camden County","NC"
"Stokes County","NC"
"Carteret County","NC"
"Alleghany County","NC"
"Pasquotank County","NC"
"Wilkes County","NC"
"Alexander County","NC"
"Halifax County","NC"
"Sampson County","NC"
"Watauga County","NC"
"Swain County","NC"
"Avery County","NC"
"Cleveland County","NC"
"Moore County","NC"
"Forsyth County","NC"
"Granville County","NC"
"Warren County","NC"
"Pamlico County","NC"
"Caswell County","NC"
"Lenoir County","NC"
"Graham County","NC"
"Gates County","NC"
"Rutherford County","NC"
"Washington County","NC"
"Anson County","NC"
"Orange County","NC"
"Craven County","NC"
"Wilson County","NC"
"Duplin County","NC"
"Haywood County","NC"
"Guilford County","NC"
"Jackson County","NC"
"Iredell County","NC"
"Hertford County","NC"
"Polk County","NC"
"Scotland County","NC"
"Harnett County","NC"
"Lee County","NC"
"Bladen County","NC"
"Cherokee County","NC"
"Catawba County","NC"
"Tyrrell County","NC"
"Macon County","NC"
"Perquimans County","NC"
"Hyde County","NC"
"Gaston County","NC"
"Johnston County","NC"
"Bertie County","NC"
"Stanly County","NC"
"Greene County","NC"
"New Hanover County","NC"
"Pitt County","NC"
"Pender County","NC"
"Union County","NC"
"Mitchell County","NC"
"Onslow County","NC"
"Edgecombe County","NC"
"Mecklenburg County","NC"
"Yancey County","NC"
"Yadkin County","NC"
"Burke County","NC"
"Wayne County","NC"
"Davie County","NC"
"McDowell County","NC"
"Wake County","NC"
"Currituck County","NC"
"Jones County","NC"
"Chowan County","NC"
"Buncombe County","NC"
"Rockingham County","NC"
"Martin County","NC"
"Henderson County","NC"
"Nash County","NC"
"Ashe County","NC"
"Brunswick County","NC"
"Montgomery County","NC"
"Vance County","NC"
"Transylvania County","NC"
"Surry County","NC"
"Clay County","NC"
"Dare County","NC"
"Columbus County","NC"
"Walsh County","ND"
"Sioux County","ND"
"Burke County","ND"
"Ramsey County","ND"
"Sargent County","ND"
"Grand Forks County","ND"
"Mercer County","ND"
"Dickey County","ND"
"Barnes County","ND"
"Burleigh County","ND"
"Ward County","ND"
"Bottineau County","ND"
"Benson County","ND"
"Stark County","ND"
"Bowman County","ND"
"Logan County","ND"
"Emmons County","ND"
"Sheridan County","ND"
"Traill County","ND"
"McHenry County","ND"
"LaMoure County","ND"
"Kidder County","ND"
"Nelson County","ND"
"Steele County","ND"
"Wells County","ND"
"Griggs County","ND"
"Slope County","ND"
"Divide County","ND"
"McIntosh County","ND"
"Adams County","ND"
"Cavalier County","ND"
"Williams County","ND"
"Cass County","ND"
"Billings County","ND"
"Mountrail County","ND"
"McLean County","ND"
"Foster County","ND"
"Pembina County","ND"
"Richland County","ND"
"Grant County","ND"
"McKenzie County","ND"
"Ransom County","ND"
"Towner County","ND"
"Renville County","ND"
"Stutsman County","ND"
"Golden Valley County","ND"
"Oliver County","ND"
"Dunn County","ND"
"Rolette County","ND"
"Morton County","ND"
"Pierce County","ND"
"Eddy County","ND"
"Hettinger County","ND"
"Hancock County","OH"
"Allen County","OH"
"Lake County","OH"
"Fayette County","OH"
"Butler County","OH"
"Morgan County","OH"
"Portage County","OH"
"Scioto County","OH"
"Vinton County","OH"
"Paulding County","OH"
"Henry County","OH"
"Fulton County","OH"
"Brown County","OH"
"Logan County","OH"
"Trumbull County","OH"
"Pike County","OH"
"Monroe County","OH"
"Lawrence County","OH"
"Adams County","OH"
"Crawford County","OH"
"Guernsey County","OH"
"Van Wert County","OH"
"Pickaway County","OH"
"Muskingum County","OH"
"Richland County","OH"
"Champaign County","OH"
"Wayne County","OH"
"Ottawa County","OH"
"Harrison County","OH"
"Clark County","OH"
"Hocking County","OH"
"Miami County","OH"
"Delaware County","OH"
"Darke County","OH"
"Greene County","OH"
"Ashland County","OH"
"Lucas County","OH"
"Ashtabula County","OH"
"Preble County","OH"
"Jackson County","OH"
"Stark County","OH"
"Mahoning County","OH"
"Tuscarawas County","OH"
"Highland County","OH"
"Morrow County","OH"
"Marion County","OH"
"Perry County","OH"
"Erie County","OH"
"Clinton County","OH"
"Lorain County","OH"
"Defiance County","OH"
"Athens County","OH"
"Jefferson County","OH"
"Sandusky County","OH"
"Montgomery County","OH"
"Auglaize County","OH"
"Geauga County","OH"
"Hamilton County","OH"
"Holmes County","OH"
"Columbiana County","OH"
"Carroll County","OH"
"Belmont County","OH"
"Ross County","OH"
"Washington County","OH"
"Madison County","OH"
"Hardin County","OH"
"Clermont County","OH"
"Noble County","OH"
"Putnam County","OH"
"Meigs County","OH"
"Franklin County","OH"
"Huron County","OH"
"Wood County","OH"
"Seneca County","OH"
"Williams County","OH"
"Union County","OH"
"Cuyahoga County","OH"
"Warren County","OH"
"Fairfield County","OH"
"Knox County","OH"
"Licking County","OH"
"Summit County","OH"
"Shelby County","OH"
"Medina County","OH"
"Gallia County","OH"
"Coshocton County","OH"
"Wyandot County","OH"
"Mercer County","OH"
"Adair County","OK"
"Sequoyah County","OK"
"Canadian County","OK"
"Marshall County","OK"
"Harper County","OK"
"Alfalfa County","OK"
"Lincoln County","OK"
"Hughes County","OK"
"Muskogee County","OK"
"Ottawa County","OK"
"Rogers County","OK"
"Caddo County","OK"
"Mayes County","OK"
"Coal County","OK"
"Carter County","OK"
"Greer County","OK"
"Cotton County","OK"
"McCurtain County","OK"
"Atoka County","OK"
"Okmulgee County","OK"
"Washington County","OK"
"Seminole County","OK"
"Woods County","OK"
"Harmon County","OK"
"Kay County","OK"
"Blaine County","OK"
"Pontotoc County","OK"
"Creek County","OK"
"Pottawatomie County","OK"
"Kiowa County","OK"
"Love County","OK"
"Noble County","OK"
"Washita County","OK"
"Jackson County","OK"
"Major County","OK"
"Delaware County","OK"
"Custer County","OK"
"Ellis County","OK"
"Oklahoma County","OK"
"Johnston County","OK"
"Comanche County","OK"
"Pushmataha County","OK"
"Cleveland County","OK"
"Wagoner County","OK"
"Beckham County","OK"
"Garvin County","OK"
"Craig County","OK"
"Cherokee County","OK"
"Osage County","OK"
"Tillman County","OK"
"Logan County","OK"
"Pittsburg County","OK"
"Jefferson County","OK"
"Pawnee County","OK"
"Okfuskee County","OK"
"McClain County","OK"
"Le Flore County","OK"
"Beaver County","OK"
"Dewey County","OK"
"Choctaw County","OK"
"Roger Mills County","OK"
"Bryan County","OK"
"Latimer County","OK"
"Texas County","OK"
"Woodward County","OK"
"Stephens County","OK"
"Tulsa County","OK"
"McIntosh County","OK"
"Kingfisher County","OK"
"Grant County","OK"
"Murray County","OK"
"Nowata County","OK"
"Haskell County","OK"
"Grady County","OK"
"Payne County","OK"
"Cimarron County","OK"
"Garfield County","OK"
"Wallowa County","OR"
"Crook County","OR"
"Clackamas County","OR"
"Clatsop County","OR"
"Klamath County","OR"
"Morrow County","OR"
"Jackson County","OR"
"Multnomah County","OR"
"Baker County","OR"
"Benton County","OR"
"Marion County","OR"
"Grant County","OR"
"Coos County","OR"
"Linn County","OR"
"Lake County","OR"
"Wheeler County","OR"
"Malheur County","OR"
"Tillamook County","OR"
"Lane County","OR"
"Union County","OR"
"Douglas County","OR"
"Columbia County","OR"
"Hood River County","OR"
"Harney County","OR"
"Lincoln County","OR"
"Josephine County","OR"
"Gilliam County","OR"
"Deschutes County","OR"
"Polk County","OR"
"Wasco County","OR"
"Sherman County","OR"
"Yamhill County","OR"
"Curry County","OR"
"Umatilla County","OR"
"Jefferson County","OR"
"Washington County","OR"
"Beaver County","PA"
"Forest County","PA"
"Tioga County","PA"
"Dauphin County","PA"
"Wayne County","PA"
"Greene County","PA"
"Jefferson County","PA"
"Snyder County","PA"
"Clarion County","PA"
"Clearfield County","PA"
"Indiana County","PA"
"Perry County","PA"
"Cameron County","PA"
"Butler County","PA"
"Philadelphia County","PA"
"Fulton County","PA"
"Bradford County","PA"
"Huntingdon County","PA"
"Bedford County","PA"
"Lawrence County","PA"
"Clinton County","PA"
"Columbia County","PA"
"Berks County","PA"
"Mercer County","PA"
"Schuylkill County","PA"
"Sullivan County","PA"
"Northumberland County","PA"
"Cambria County","PA"
"Lackawanna County","PA"
"Wyoming County","PA"
"Chester County","PA"
"Monroe County","PA"
"York County","PA"
"Elk County","PA"
"Carbon County","PA"
"Blair County","PA"
"Somerset County","PA"
"Erie County","PA"
"Fayette County","PA"
"Juniata County","PA"
"McKean County","PA"
"Mifflin County","PA"
"Montgomery County","PA"
"Warren County","PA"
"Montour County","PA"
"Delaware County","PA"
"Adams County","PA"
"Lehigh County","PA"
"Northampton County","PA"
"Cumberland County","PA"
"Franklin County","PA"
"Luzerne County","PA"
"Potter County","PA"
"Allegheny County","PA"
"Bucks County","PA"
"Lycoming County","PA"
"Lebanon County","PA"
"Centre County","PA"
"Pike County","PA"
"Susquehanna County","PA"
"Washington County","PA"
"Union County","PA"
"Crawford County","PA"
"Venango County","PA"
"Lancaster County","PA"
"Armstrong County","PA"
"Westmoreland County","PA"
"Washington County","RI"
"Providence County","RI"
"Bristol County","RI"
"Newport County","RI"
"Kent County","RI"
"Chester County","SC"
"Saluda County","SC"
"Williamsburg County","SC"
"Dorchester County","SC"
"Berkeley County","SC"
"Greenwood County","SC"
"Marlboro County","SC"
"Bamberg County","SC"
"Darlington County","SC"
"Aiken County","SC"
"Laurens County","SC"
"Newberry County","SC"
"Lexington County","SC"
"Anderson County","SC"
"Beaufort County","SC"
"Pickens County","SC"
"Kershaw County","SC"
"Greenville County","SC"
"Florence County","SC"
"Sumter County","SC"
"Orangeburg County","SC"
"Spartanburg County","SC"
"Marion County","SC"
"Charleston County","SC"
"Edgefield County","SC"
"Oconee County","SC"
"Colleton County","SC"
"Hampton County","SC"
"Abbeville County","SC"
"Horry County","SC"
"Cherokee County","SC"
"Lancaster County","SC"
"Allendale County","SC"
"Lee County","SC"
"Clarendon County","SC"
"Fairfield County","SC"
"Dillon County","SC"
"Jasper County","SC"
"McCormick County","SC"
"Union County","SC"
"Richland County","SC"
"Calhoun County","SC"
"York County","SC"
"Barnwell County","SC"
"Georgetown County","SC"
"Chesterfield County","SC"
"Minnehaha County","SD"
"Hutchinson County","SD"
"Moody County","SD"
"Douglas County","SD"
"Deuel County","SD"
"Clark County","SD"
"Miner County","SD"
"Jerauld County","SD"
"McCook County","SD"
"Lawrence County","SD"
"Ziebach County","SD"
"Brule County","SD"
"Sully County","SD"
"Walworth County","SD"
"Kingsbury County","SD"
"Haakon County","SD"
"Hanson County","SD"
"Dewey County","SD"
"Clay County","SD"
"Yankton County","SD"
"Brown County","SD"
"Lake County","SD"
"Lyman County","SD"
"Jackson County","SD"
"Custer County","SD"
"Beadle County","SD"
"Jones County","SD"
"Campbell County","SD"
"Harding County","SD"
"Codington County","SD"
"Bon Homme County","SD"
"Bennett County","SD"
"Roberts County","SD"
"Todd County","SD"
"Turner County","SD"
"Davison County","SD"
"Stanley County","SD"
"Aurora County","SD"
"Pennington County","SD"
"Lincoln County","SD"
"Perkins County","SD"
"Brookings County","SD"
"Buffalo County","SD"
"Mellette County","SD"
"Potter County","SD"
"Fall River County","SD"
"Hughes County","SD"
"Hyde County","SD"
"Hamlin County","SD"
"Edmunds County","SD"
"Hand County","SD"
"Spink County","SD"
"Faulk County","SD"
"Butte County","SD"
"Meade County","SD"
"McPherson County","SD"
"Oglala Lakota County","SD"
"Charles Mix County","SD"
"Union County","SD"
"Day County","SD"
"Tripp County","SD"
"Sanborn County","SD"
"Corson County","SD"
"Gregory County","SD"
"Grant County","SD"
"Marshall County","SD"
"Hamilton County","TN"
"Marion County","TN"
"White County","TN"
"Morgan County","TN"
"Campbell County","TN"
"Monroe County","TN"
"Rutherford County","TN"
"Smith County","TN"
"Trousdale County","TN"
"Sumner County","TN"
"Grundy County","TN"
"Bedford County","TN"
"Clay County","TN"
"Lauderdale County","TN"
"Loudon County","TN"
"DeKalb County","TN"
"Hickman County","TN"
"Putnam County","TN"
"Warren County","TN"
"Lake County","TN"
"Jefferson County","TN"
"Haywood County","TN"
"Lawrence County","TN"
"Hawkins County","TN"
"Union County","TN"
"Blount County","TN"
"Chester County","TN"
"Jackson County","TN"
"Moore County","TN"
"Sullivan County","TN"
"Carter County","TN"
"Washington County","TN"
"Stewart County","TN"
"Macon County","TN"
"Hardeman County","TN"
"Carroll County","TN"
"Wayne County","TN"
"McMinn County","TN"
"Van Buren County","TN"
"Houston County","TN"
"Giles County","TN"
"Humphreys County","TN"
"Sequatchie County","TN"
"Roane County","TN"
"Montgomery County","TN"
"Henry County","TN"
"Dickson County","TN"
"Greene County","TN"
"Unicoi County","TN"
"Coffee County","TN"
"Perry County","TN"
"Williamson County","TN"
"Cumberland County","TN"
"Knox County","TN"
"Cocke County","TN"
"Hancock County","TN"
"Hardin County","TN"
"Claiborne County","TN"
"Rhea County","TN"
"Overton County","TN"
"Obion County","TN"
"Robertson County","TN"
"Wilson County","TN"
"Grainger County","TN"
"Bradley County","TN"
"Shelby County","TN"
"Meigs County","TN"
"Lincoln County","TN"
"Davidson County","TN"
"Bledsoe County","TN"
"Weakley County","TN"
"Marshall County","TN"
"Johnson County","TN"
"Sevier County","TN"
"Polk County","TN"
"Henderson County","TN"
"McNairy County","TN"
"Fentress County","TN"
"Benton County","TN"
"Pickett County","TN"
"Franklin County","TN"
"Tipton County","TN"
"Anderson County","TN"
"Cannon County","TN"
"Crockett County","TN"
"Cheatham County","TN"
"Madison County","TN"
"Dyer County","TN"
"Gibson County","TN"
"Scott County","TN"
"Decatur County","TN"
"Maury County","TN"
"Fayette County","TN"
"Hamblen County","TN"
"Lewis County","TN"
"Menard County","TX"
"Hale County","TX"
"Armstrong County","TX"
"Calhoun County","TX"
"Clay County","TX"
"Orange County","TX"
"Gonzales County","TX"
"Fannin County","TX"
"Kerr County","TX"
"Refugio County","TX"
"Jim Hogg County","TX"
"Dimmit County","TX"
"Nolan County","TX"
"Brazos County","TX"
"Jefferson County","TX"
"Bell County","TX"
"Bandera County","TX"
"Hidalgo County","TX"
"Schleicher County","TX"
"Grayson County","TX"
"Crosby County","TX"
"Delta County","TX"
"Zavala County","TX"
"Rockwall County","TX"
"Eastland County","TX"
"DeWitt County","TX"
"Angelina County","TX"
"McLennan County","TX"
"Lamar County","TX"
"Leon County","TX"
"Stonewall County","TX"
"McMullen County","TX"
"Sutton County","TX"
"Fort Bend County","TX"
"Parker County","TX"
"Kinney County","TX"
"Fayette County","TX"
"Briscoe County","TX"
"Harrison County","TX"
"Reagan County","TX"
"Coleman County","TX"
"Ochiltree County","TX"
"Crane County","TX"
"Washington County","TX"
"Lynn County","TX"
"Mills County","TX"
"Oldham County","TX"
"Sabine County","TX"
"Hopkins County","TX"
"Houston County","TX"
"Bexar County","TX"
"Upton County","TX"
"Erath County","TX"
"Randall County","TX"
"Rusk County","TX"
"Coryell County","TX"
"Comal County","TX"
"Aransas County","TX"
"Jack County","TX"
"Hemphill County","TX"
"Shackelford County","TX"
"San Jacinto County","TX"
"Kendall County","TX"
"Wharton County","TX"
"Floyd County","TX"
"Karnes County","TX"
"Kaufman County","TX"
"Duval County","TX"
"Johnson County","TX"
"Franklin County","TX"
"Edwards County","TX"
"Waller County","TX"
"Maverick County","TX"
"Kleberg County","TX"
"Gaines County","TX"
"Martin County","TX"
"Bowie County","TX"
"Andrews County","TX"
"Potter County","TX"
"Garza County","TX"
"Caldwell County","TX"
"Parmer County","TX"
"Titus County","TX"
"Terry County","TX"
"Foard County","TX"
"Real County","TX"
"Carson County","TX"
"Knox County","TX"
"Hays County","TX"
"Medina County","TX"
"Motley County","TX"
"Wichita County","TX"
"Midland County","TX"
"Victoria County","TX"
"Tyler County","TX"
"Falls County","TX"
"Presidio County","TX"
"Willacy County","TX"
"Lubbock County","TX"
"Henderson County","TX"
"Walker County","TX"
"Galveston County","TX"
"Harris County","TX"
"Dawson County","TX"
"Pecos County","TX"
"Nacogdoches County","TX"
"Guadalupe County","TX"
"Tarrant County","TX"
"Jackson County","TX"
"Swisher County","TX"
"Sterling County","TX"
"Winkler County","TX"
"Frio County","TX"
"Lipscomb County","TX"
"Collingsworth County","TX"
"Colorado County","TX"
"Wise County","TX"
"Glasscock County","TX"
"Shelby County","TX"
"Comanche County","TX"
"Burnet County","TX"
"Gray County","TX"
"Hudspeth County","TX"
"Cass County","TX"
"Ellis County","TX"
"Cooke County","TX"
"Williamson County","TX"
"Cochran County","TX"
"Van Zandt County","TX"
"Donley County","TX"
"Jones County","TX"
"Grimes County","TX"
"Irion County","TX"
"Navarro County","TX"
"Brooks County","TX"
"Dallam County","TX"
"Hunt County","TX"
"Mitchell County","TX"
"Wood County","TX"
"Childress County","TX"
"Jeff Davis County","TX"
"Montague County","TX"
"Brown County","TX"
"Haskell County","TX"
"Fisher County","TX"
"Concho County","TX"
"Coke County","TX"
"Polk County","TX"
"Cottle County","TX"
"Young County","TX"
"Lee County","TX"
"Cherokee County","TX"
"Hall County","TX"
"Hood County","TX"
"Archer County","TX"
"Baylor County","TX"
"San Augustine County","TX"
"Madison County","TX"
"Milam County","TX"
"Reeves County","TX"
"Nueces County","TX"
"Camp County","TX"
"Freestone County","TX"
"Runnels County","TX"
"Terrell County","TX"
"Deaf Smith County","TX"
"Marion County","TX"
"Liberty County","TX"
"Jasper County","TX"
"Hansford County","TX"
"Chambers County","TX"
"Hardin County","TX"
"Collin County","TX"
"Brazoria County","TX"
"Throckmorton County","TX"
"Bastrop County","TX"
"Scurry County","TX"
"Ector County","TX"
"Limestone County","TX"
"Denton County","TX"
"Red River County","TX"
"Matagorda County","TX"
"Hardeman County","TX"
"Palo Pinto County","TX"
"Live Oak County","TX"
"Sherman County","TX"
"Uvalde County","TX"
"Bailey County","TX"
"Culberson County","TX"
"Atascosa County","TX"
"Wilson County","TX"
"Starr County","TX"
"Dallas County","TX"
"Kimble County","TX"
"McCulloch County","TX"
"Crockett County","TX"
"Hill County","TX"
"Kent County","TX"
"El Paso County","TX"
"Loving County","TX"
"Dickens County","TX"
"La Salle County","TX"
"Lamb County","TX"
"Austin County","TX"
"Hutchinson County","TX"
"Val Verde County","TX"
"Smith County","TX"
"Robertson County","TX"
"Gillespie County","TX"
"King County","TX"
"Tom Green County","TX"
"Yoakum County","TX"
"Somervell County","TX"
"Kenedy County","TX"
"Borden County","TX"
"San Saba County","TX"
"Burleson County","TX"
"Bee County","TX"
"Trinity County","TX"
"Castro County","TX"
"Brewster County","TX"
"Gregg County","TX"
"Ward County","TX"
"Wilbarger County","TX"
"Hamilton County","TX"
"Stephens County","TX"
"Lavaca County","TX"
"Bosque County","TX"
"Goliad County","TX"
"Roberts County","TX"
"Callahan County","TX"
"Rains County","TX"
"Morris County","TX"
"Lampasas County","TX"
"Upshur County","TX"
"Wheeler County","TX"
"San Patricio County","TX"
"Moore County","TX"
"Webb County","TX"
"Blanco County","TX"
"Newton County","TX"
"Hockley County","TX"
"Panola County","TX"
"Anderson County","TX"
"Cameron County","TX"
"Montgomery County","TX"
"Llano County","TX"
"Mason County","TX"
"Taylor County","TX"
"Hartley County","TX"
"Jim Wells County","TX"
"Zapata County","TX"
"Travis County","TX"
"Howard County","TX"
"Rich County","UT"
"Cache County","UT"
"Duchesne County","UT"
"Davis County","UT"
"Box Elder County","UT"
"Millard County","UT"
"Morgan County","UT"
"Weber County","UT"
"Kane County","UT"
"Salt Lake County","UT"
"Sevier County","UT"
"Garfield County","UT"
"Washington County","UT"
"Piute County","UT"
"Summit County","UT"
"Emery County","UT"
"Daggett County","UT"
"Beaver County","UT"
"Uintah County","UT"
"Utah County","UT"
"Wayne County","UT"
"Juab County","UT"
"Carbon County","UT"
"Iron County","UT"
"Sanpete County","UT"
"San Juan County","UT"
"Wasatch County","UT"
"Grand County","UT"
"Tooele County","UT"
"Franklin County","VT"
"Orange County","VT"
"Essex County","VT"
"Rutland County","VT"
"Lamoille County","VT"
"Caledonia County","VT"
"Bennington County","VT"
"Grand Isle County","VT"
"Chittenden County","VT"
"Windsor County","VT"
"Washington County","VT"
"Addison County","VT"
"Windham County","VT"
"Orleans County","VT"
"Salem city","VA"
"Montgomery County","VA"
"Poquoson city","VA"
"James City County","VA"
"Stafford County","VA"
"Surry County","VA"
"Hanover County","VA"
"Russell County","VA"
"Henry County","VA"
"Alexandria city","VA"
"Charlottesville city","VA"
"King and Queen County","VA"
"Waynesboro city","VA"
"Floyd County","VA"
"Middlesex County","VA"
"Emporia city","VA"
"Rappahannock County","VA"
"Amherst County","VA"
"Covington city","VA"
"Essex County","VA"
"Buchanan County","VA"
"Alleghany County","VA"
"Northumberland County","VA"
"Craig County","VA"
"Buckingham County","VA"
"Gloucester County","VA"
"Richmond city","VA"
"Powhatan County","VA"
"Falls Church city","VA"
"Goochland County","VA"
"Orange County","VA"
"Greene County","VA"
"Patrick County","VA"
"King William County","VA"
"Madison County","VA"
"Lunenburg County","VA"
"Roanoke city","VA"
"Chesapeake city","VA"
"Charlotte County","VA"
"Isle of Wight County","VA"
"Fauquier County","VA"
"Radford city","VA"
"Fairfax city","VA"
"Henrico County","VA"
"Franklin city","VA"
"Harrisonburg city","VA"
"Buena Vista city","VA"
"Franklin County","VA"
"New Kent County","VA"
"Bedford County","VA"
"Grayson County","VA"
"Pittsylvania County","VA"
"Giles County","VA"
"Wythe County","VA"
"Prince William County","VA"
"Scott County","VA"
"Charles City County","VA"
"Manassas Park city","VA"
"Arlington County","VA"
"Carroll County","VA"
"Newport News city","VA"
"Bath County","VA"
"Winchester city","VA"
"Sussex County","VA"
"Cumberland County","VA"
"Smyth County","VA"
"Washington County","VA"
"Roanoke County","VA"
"Augusta County","VA"
"Danville city","VA"
"Hopewell city","VA"
"Halifax County","VA"
"Portsmouth city","VA"
"Shenandoah County","VA"
"Lexington city","VA"
"Accomack County","VA"
"Albemarle County","VA"
"Clarke County","VA"
"Greensville County","VA"
"Dinwiddie County","VA"
"Norfolk city","VA"
"Pulaski County","VA"
"Dickenson County","VA"
"Amelia County","VA"
"Bristol city","VA"
"Botetourt County","VA"
"Norton city","VA"
"Staunton city","VA"
"Williamsburg city","VA"
"Page County","VA"
"Westmoreland County","VA"
"Rockbridge County","VA"
"Nelson County","VA"
"Nottoway County","VA"
"Martinsville city","VA"
"Appomattox County","VA"
"Fluvanna County","VA"
"Wise County","VA"
"Fredericksburg city","VA"
"Mathews County","VA"
"King George County","VA"
"Prince Edward County","VA"
"Galax city","VA"
"Campbell County","VA"
"Lynchburg city","VA"
"Louisa County","VA"
"Bland County","VA"
"Petersburg city","VA"
"Southampton County","VA"
"Suffolk city","VA"
"Fairfax County","VA"
"Lee County","VA"
"Tazewell County","VA"
"Loudoun County","VA"
"York County","VA"
"Culpeper County","VA"
"Rockingham County","VA"
"Warren County","VA"
"Manassas city","VA"
"Northampton County","VA"
"Highland County","VA"
"Spotsylvania County","VA"
"Chesterfield County","VA"
"Brunswick County","VA"
"Prince George County","VA"
"Hampton city","VA"
"Frederick County","VA"
"Caroline County","VA"
"Colonial Heights city","VA"
"Virginia Beach city","VA"
"Lancaster County","VA"
"Richmond County","VA"
"Mecklenburg County","VA"
"Wahkiakum County","WA"
"Lewis County","WA"
"Jefferson County","WA"
"Columbia County","WA"
"Kittitas County","WA"
"Snohomish County","WA"
"Yakima County","WA"
"Okanogan County","WA"
"Spokane County","WA"
"Island County","WA"
"Clallam County","WA"
"Stevens County","WA"
"Pend Oreille County","WA"
"Whatcom County","WA"
"Chelan County","WA"
"Asotin County","WA"
"Ferry County","WA"
"Douglas County","WA"
"Benton County","WA"
"Garfield County","WA"
"King County","WA"
"Pacific County","WA"
"Klickitat County","WA"
"San Juan County","WA"
"Grays Harbor County","WA"
"Cowlitz County","WA"
"Walla Walla County","WA"
"Grant County","WA"
"Adams County","WA"
"Clark County","WA"
"Lincoln County","WA"
"Kitsap County","WA"
"Whitman County","WA"
"Mason County","WA"
"Skagit County","WA"
"Pierce County","WA"
"Thurston County","WA"
"Franklin County","WA"
"Skamania County","WA"
"Pocahontas County","WV"
"Putnam County","WV"
"Wetzel County","WV"
"Boone County","WV"
"Cabell County","WV"
"Marshall County","WV"
"Jackson County","WV"
"Monongalia County","WV"
"Mineral County","WV"
"Hancock County","WV"
"Preston County","WV"
"Hardy County","WV"
"Wood County","WV"
"Webster County","WV"
"Hampshire County","WV"
"McDowell County","WV"
"Harrison County","WV"
"Barbour County","WV"
"Tucker County","WV"
"Clay County","WV"
"Logan County","WV"
"Pleasants County","WV"
"Fayette County","WV"
"Jefferson County","WV"
"Mercer County","WV"
"Wyoming County","WV"
"Braxton County","WV"
"Roane County","WV"
"Grant County","WV"
"Monroe County","WV"
"Doddridge County","WV"
"Wirt County","WV"
"Tyler County","WV"
"Greenbrier County","WV"
"Ritchie County","WV"
"Randolph County","WV"
"Marion County","WV"
"Pendleton County","WV"
"Summers County","WV"
"Berkeley County","WV"
"Upshur County","WV"
"Taylor County","WV"
"Raleigh County","WV"
"Nicholas County","WV"
"Mason County","WV"
"Gilmer County","WV"
"Brooke County","WV"
"Calhoun County","WV"
"Lincoln County","WV"
"Ohio County","WV"
"Morgan County","WV"
"Kanawha County","WV"
"Lewis County","WV"
"Mingo County","WV"
"Wayne County","WV"
"Sauk County","WI"
"Pierce County","WI"
"La Crosse County","WI"
"Dunn County","WI"
"Jackson County","WI"
"Green Lake County","WI"
"Walworth County","WI"
"Vernon County","WI"
"Kenosha County","WI"
"Milwaukee County","WI"
"Ashland County","WI"
"Oneida County","WI"
"Waushara County","WI"
"Washburn County","WI"
"Lafayette County","WI"
"Waupaca County","WI"
"Vilas County","WI"
"Ozaukee County","WI"
"Sheboygan County","WI"
"Washington County","WI"
"Bayfield County","WI"
"Portage County","WI"
"Fond du Lac County","WI"
"Kewaunee County","WI"
"Langlade County","WI"
"Rock County","WI"
"Crawford County","WI"
"Eau Claire County","WI"
"Oconto County","WI"
"Forest County","WI"
"Sawyer County","WI"
"Trempealeau County","WI"
"Polk County","WI"
"Green County","WI"
"Outagamie County","WI"
"Adams County","WI"
"Taylor County","WI"
"Marathon County","WI"
"Florence County","WI"
"Barron County","WI"
"Iron County","WI"
"Monroe County","WI"
"Racine County","WI"
"Shawano County","WI"
"Dodge County","WI"
"Dane County","WI"
"Calumet County","WI"
"Jefferson County","WI"
"Burnett County","WI"
"Chippewa County","WI"
"Douglas County","WI"
"Marquette County","WI"
"Brown County","WI"
"Richland County","WI"
"Wood County","WI"
"Winnebago County","WI"
"Lincoln County","WI"
"Pepin County","WI"
"Iowa County","WI"
"Marinette County","WI"
"Price County","WI"
"Grant County","WI"
"Columbia County","WI"
"Clark County","WI"
"St. Croix County","WI"
"Juneau County","WI"
"Rusk County","WI"
"Waukesha County","WI"
"Buffalo County","WI"
"Menominee County","WI"
"Manitowoc County","WI"
"Door County","WI"
"Lincoln County","WY"
"Fremont County","WY"
"Uinta County","WY"
"Big Horn County","WY"
"Hot Springs County","WY"
"Washakie County","WY"
"Converse County","WY"
"Sweetwater County","WY"
"Crook County","WY"
"Carbon County","WY"
"Campbell County","WY"
"Natrona County","WY"
"Laramie County","WY"
"Platte County","WY"
"Weston County","WY"
"Albany County","WY"
"Park County","WY"
"Johnson County","WY"
"Sheridan County","WY"
"Niobrara County","WY"
"Teton County","WY"
"Sublette County","WY"
"Goshen County","WY"
"District of Columbia","DC"
